position,hashvalue,name,phone Number,email Id 
169,169 ,Ed,12345566,pradheep.sh@gmail.com 
173,173 ,Al,12345566,pradheep.sh@gmail.com 
174,173 ,Jc,12345566,pradheep.sh@gmail.com 
177,177 ,Bo,12345566,pradheep.sh@gmail.com 
196,196 ,Wm,12345566,pradheep.sh@gmail.com 
205,205 ,Ty,12345566,pradheep.sh@gmail.com 
264,264 ,Abe,12345566,pradheep.sh@gmail.com 
270,270 ,Dee,12345566,pradheep.sh@gmail.com 
272,272 ,Jae,12345566,pradheep.sh@gmail.com 
273,273 ,Mac,12345566,pradheep.sh@gmail.com 
274,274 ,Hai,12345566,pradheep.sh@gmail.com 
275,275 ,Bob,12345566,pradheep.sh@gmail.com 
276,276 ,Chi,12345566,pradheep.sh@gmail.com 
277,277 ,Asa,12345566,pradheep.sh@gmail.com 
278,278 ,Ali,12345566,pradheep.sh@gmail.com 
279,277 ,Ben,12345566,pradheep.sh@gmail.com 
280,275 ,Dan,12345566,pradheep.sh@gmail.com 
281,277 ,Del,12345566,pradheep.sh@gmail.com 
282,282 ,Eli,12345566,pradheep.sh@gmail.com 
283,283 ,Bud,12345566,pradheep.sh@gmail.com 
284,284 ,Gil,12345566,pradheep.sh@gmail.com 
285,277 ,Hal,12345566,pradheep.sh@gmail.com 
286,280 ,Ian,12345566,pradheep.sh@gmail.com 
287,281 ,Ike,12345566,pradheep.sh@gmail.com 
288,284 ,Ira,12345566,pradheep.sh@gmail.com 
289,289 ,Don,12345566,pradheep.sh@gmail.com 
290,281 ,Jan,12345566,pradheep.sh@gmail.com 
291,275 ,Jed,12345566,pradheep.sh@gmail.com 
292,292 ,Jay,12345566,pradheep.sh@gmail.com 
293,288 ,Jim,12345566,pradheep.sh@gmail.com 
294,286 ,Joe,12345566,pradheep.sh@gmail.com 
295,295 ,Art,12345566,pradheep.sh@gmail.com 
296,295 ,Jon,12345566,pradheep.sh@gmail.com 
297,286 ,Ken,12345566,pradheep.sh@gmail.com 
298,289 ,Kim,12345566,pradheep.sh@gmail.com 
299,299 ,Coy,12345566,pradheep.sh@gmail.com 
300,292 ,Kip,12345566,pradheep.sh@gmail.com 
301,278 ,Lee,12345566,pradheep.sh@gmail.com 
302,287 ,Len,12345566,pradheep.sh@gmail.com 
303,303 ,Gus,12345566,pradheep.sh@gmail.com 
304,288 ,Leo,12345566,pradheep.sh@gmail.com 
305,292 ,Les,12345566,pradheep.sh@gmail.com 
306,297 ,Lon,12345566,pradheep.sh@gmail.com 
307,304 ,Lou,12345566,pradheep.sh@gmail.com 
308,284 ,Man,12345566,pradheep.sh@gmail.com 
309,309 ,Guy,12345566,pradheep.sh@gmail.com 
310,294 ,Max,12345566,pradheep.sh@gmail.com 
311,286 ,Mel,12345566,pradheep.sh@gmail.com 
312,279 ,Ned,12345566,pradheep.sh@gmail.com 
313,290 ,Noe,12345566,pradheep.sh@gmail.com 
314,293 ,Pat,12345566,pradheep.sh@gmail.com 
315,300 ,Ray,12345566,pradheep.sh@gmail.com 
316,303 ,Rex,12345566,pradheep.sh@gmail.com 
317,304 ,Rey,12345566,pradheep.sh@gmail.com 
318,291 ,Rob,12345566,pradheep.sh@gmail.com 
319,293 ,Rod,12345566,pradheep.sh@gmail.com 
320,303 ,Ron,12345566,pradheep.sh@gmail.com 
321,314 ,Roy,12345566,pradheep.sh@gmail.com 
322,288 ,Sal,12345566,pradheep.sh@gmail.com 
323,289 ,Sam,12345566,pradheep.sh@gmail.com 
324,288 ,Sid,12345566,pradheep.sh@gmail.com 
325,302 ,Sol,12345566,pradheep.sh@gmail.com 
326,304 ,Son,12345566,pradheep.sh@gmail.com 
327,281 ,Tad,12345566,pradheep.sh@gmail.com 
328,285 ,Ted,12345566,pradheep.sh@gmail.com 
329,298 ,Tim,12345566,pradheep.sh@gmail.com 
330,295 ,Tod,12345566,pradheep.sh@gmail.com 
331,304 ,Tom,12345566,pradheep.sh@gmail.com 
332,291 ,Val,12345566,pradheep.sh@gmail.com 
333,293 ,Van,12345566,pradheep.sh@gmail.com 
334,307 ,Von,12345566,pradheep.sh@gmail.com 
335,303 ,Wes,12345566,pradheep.sh@gmail.com 
368,368 ,Chad,12345566,pradheep.sh@gmail.com 
371,371 ,Adam,12345566,pradheep.sh@gmail.com 
372,372 ,Abel,12345566,pradheep.sh@gmail.com 
373,372 ,Adan,12345566,pradheep.sh@gmail.com 
374,373 ,Alec,12345566,pradheep.sh@gmail.com 
375,374 ,Dale,12345566,pradheep.sh@gmail.com 
376,372 ,Dana,12345566,pradheep.sh@gmail.com 
377,377 ,Brad,12345566,pradheep.sh@gmail.com 
378,376 ,Dane,12345566,pradheep.sh@gmail.com 
379,376 ,Dean,12345566,pradheep.sh@gmail.com 
380,380 ,Alan,12345566,pradheep.sh@gmail.com 
381,381 ,Beau,12345566,pradheep.sh@gmail.com 
382,379 ,Dick,12345566,pradheep.sh@gmail.com 
383,383 ,Chas,12345566,pradheep.sh@gmail.com 
384,384 ,Aldo,12345566,pradheep.sh@gmail.com 
385,384 ,Dave,12345566,pradheep.sh@gmail.com 
386,386 ,Carl,12345566,pradheep.sh@gmail.com 
387,387 ,Bill,12345566,pradheep.sh@gmail.com 
388,388 ,Alva,12345566,pradheep.sh@gmail.com 
389,389 ,Buck,12345566,pradheep.sh@gmail.com 
390,388 ,Chet,12345566,pradheep.sh@gmail.com 
391,387 ,Cleo,12345566,pradheep.sh@gmail.com 
392,387 ,Cole,12345566,pradheep.sh@gmail.com 
393,393 ,Bart,12345566,pradheep.sh@gmail.com 
394,394 ,Alex,12345566,pradheep.sh@gmail.com 
395,393 ,Clay,12345566,pradheep.sh@gmail.com 
396,396 ,Andy,12345566,pradheep.sh@gmail.com 
397,397 ,Bert,12345566,pradheep.sh@gmail.com 
398,398 ,Boyd,12345566,pradheep.sh@gmail.com 
399,397 ,Bret,12345566,pradheep.sh@gmail.com 
400,400 ,Amos,12345566,pradheep.sh@gmail.com 
401,400 ,Aron,12345566,pradheep.sh@gmail.com 
402,399 ,Cary,12345566,pradheep.sh@gmail.com 
403,399 ,Cody,12345566,pradheep.sh@gmail.com 
404,390 ,Deon,12345566,pradheep.sh@gmail.com 
405,405 ,Burl,12345566,pradheep.sh@gmail.com 
406,394 ,Dino,12345566,pradheep.sh@gmail.com 
407,394 ,Dion,12345566,pradheep.sh@gmail.com 
408,394 ,Dirk,12345566,pradheep.sh@gmail.com 
409,392 ,Dong,12345566,pradheep.sh@gmail.com 
410,399 ,Donn,12345566,pradheep.sh@gmail.com 
411,399 ,Doug,12345566,pradheep.sh@gmail.com 
412,402 ,Drew,12345566,pradheep.sh@gmail.com 
413,413 ,Burt,12345566,pradheep.sh@gmail.com 
414,413 ,Cory,12345566,pradheep.sh@gmail.com 
415,414 ,Curt,12345566,pradheep.sh@gmail.com 
416,388 ,Earl,12345566,pradheep.sh@gmail.com 
417,390 ,Eddy,12345566,pradheep.sh@gmail.com 
418,397 ,Elmo,12345566,pradheep.sh@gmail.com 
419,409 ,Eloy,12345566,pradheep.sh@gmail.com 
420,420 ,Cruz,12345566,pradheep.sh@gmail.com 
421,391 ,Emil,12345566,pradheep.sh@gmail.com 
422,387 ,Eric,12345566,pradheep.sh@gmail.com 
423,395 ,Erik,12345566,pradheep.sh@gmail.com 
424,398 ,Erin,12345566,pradheep.sh@gmail.com 
425,394 ,Evan,12345566,pradheep.sh@gmail.com 
426,402 ,Ezra,12345566,pradheep.sh@gmail.com 
427,385 ,Fred,12345566,pradheep.sh@gmail.com 
428,381 ,Gail,12345566,pradheep.sh@gmail.com 
429,377 ,Gale,12345566,pradheep.sh@gmail.com 
430,403 ,Gary,12345566,pradheep.sh@gmail.com 
431,383 ,Gene,12345566,pradheep.sh@gmail.com 
432,397 ,Gino,12345566,pradheep.sh@gmail.com 
433,390 ,Glen,12345566,pradheep.sh@gmail.com 
434,389 ,Greg,12345566,pradheep.sh@gmail.com 
435,386 ,Hank,12345566,pradheep.sh@gmail.com 
436,394 ,Hans,12345566,pradheep.sh@gmail.com 
437,385 ,Herb,12345566,pradheep.sh@gmail.com 
438,396 ,Hong,12345566,pradheep.sh@gmail.com 
439,420 ,Hoyt,12345566,pradheep.sh@gmail.com 
440,411 ,Huey,12345566,pradheep.sh@gmail.com 
441,396 ,Hugh,12345566,pradheep.sh@gmail.com 
442,403 ,Hugo,12345566,pradheep.sh@gmail.com 
443,402 ,Hung,12345566,pradheep.sh@gmail.com 
444,398 ,Ivan,12345566,pradheep.sh@gmail.com 
445,377 ,Jack,12345566,pradheep.sh@gmail.com 
446,379 ,Jake,12345566,pradheep.sh@gmail.com 
447,381 ,Jame,12345566,pradheep.sh@gmail.com 
448,382 ,Jean,12345566,pradheep.sh@gmail.com 
449,379 ,Jeff,12345566,pradheep.sh@gmail.com 
450,390 ,Jere,12345566,pradheep.sh@gmail.com 
451,405 ,Jess,12345566,pradheep.sh@gmail.com 
452,392 ,Joan,12345566,pradheep.sh@gmail.com 
453,406 ,Jody,12345566,pradheep.sh@gmail.com 
454,394 ,Joel,12345566,pradheep.sh@gmail.com 
455,407 ,Joey,12345566,pradheep.sh@gmail.com 
456,399 ,John,12345566,pradheep.sh@gmail.com 
457,401 ,Jose,12345566,pradheep.sh@gmail.com 
458,404 ,Josh,12345566,pradheep.sh@gmail.com 
459,398 ,Juan,12345566,pradheep.sh@gmail.com 
460,392 ,Jude,12345566,pradheep.sh@gmail.com 
461,394 ,Karl,12345566,pradheep.sh@gmail.com 
462,402 ,Kent,12345566,pradheep.sh@gmail.com 
463,393 ,King,12345566,pradheep.sh@gmail.com 
464,401 ,Kirk,12345566,pradheep.sh@gmail.com 
465,421 ,Kory,12345566,pradheep.sh@gmail.com 
466,409 ,Kris,12345566,pradheep.sh@gmail.com 
467,422 ,Kurt,12345566,pradheep.sh@gmail.com 
468,405 ,Kyle,12345566,pradheep.sh@gmail.com 
469,393 ,Lacy,12345566,pradheep.sh@gmail.com 
470,384 ,Lane,12345566,pradheep.sh@gmail.com 
471,471 ,Caleb,12345566,pradheep.sh@gmail.com 
472,384 ,Leif,12345566,pradheep.sh@gmail.com 
473,398 ,Leon,12345566,pradheep.sh@gmail.com 
474,400 ,Levi,12345566,pradheep.sh@gmail.com 
475,475 ,Ahmad,12345566,pradheep.sh@gmail.com 
476,475 ,Eddie,12345566,pradheep.sh@gmail.com 
477,402 ,Lino,12345566,pradheep.sh@gmail.com 
478,400 ,Long,12345566,pradheep.sh@gmail.com 
479,479 ,Ahmed,12345566,pradheep.sh@gmail.com 
480,479 ,Blake,12345566,pradheep.sh@gmail.com 
481,480 ,Cecil,12345566,pradheep.sh@gmail.com 
482,482 ,Amado,12345566,pradheep.sh@gmail.com 
483,483 ,Abram,12345566,pradheep.sh@gmail.com 
484,484 ,Alden,12345566,pradheep.sh@gmail.com 
485,485 ,Brice,12345566,pradheep.sh@gmail.com 
486,481 ,Chang,12345566,pradheep.sh@gmail.com 
487,487 ,Angel,12345566,pradheep.sh@gmail.com 
488,488 ,Abdul,12345566,pradheep.sh@gmail.com 
489,488 ,Allan,12345566,pradheep.sh@gmail.com 
490,490 ,Andre,12345566,pradheep.sh@gmail.com 
491,490 ,Arden,12345566,pradheep.sh@gmail.com 
492,492 ,Allen,12345566,pradheep.sh@gmail.com 
493,493 ,Ariel,12345566,pradheep.sh@gmail.com 
494,493 ,Arlie,12345566,pradheep.sh@gmail.com 
495,491 ,Basil,12345566,pradheep.sh@gmail.com 
496,490 ,Blair,12345566,pradheep.sh@gmail.com 
497,497 ,Aaron,12345566,pradheep.sh@gmail.com 
498,498 ,Arlen,12345566,pradheep.sh@gmail.com 
499,494 ,Bobby,12345566,pradheep.sh@gmail.com 
500,498 ,Boyce,12345566,pradheep.sh@gmail.com 
501,498 ,Brady,12345566,pradheep.sh@gmail.com 
502,492 ,Brain,12345566,pradheep.sh@gmail.com 
503,503 ,Brant,12345566,pradheep.sh@gmail.com 
504,492 ,Brian,12345566,pradheep.sh@gmail.com 
505,497 ,Brock,12345566,pradheep.sh@gmail.com 
506,506 ,Alvin,12345566,pradheep.sh@gmail.com 
507,507 ,Brent,12345566,pradheep.sh@gmail.com 
508,508 ,Benny,12345566,pradheep.sh@gmail.com 
509,508 ,Billy,12345566,pradheep.sh@gmail.com 
510,510 ,Alton,12345566,pradheep.sh@gmail.com 
511,511 ,Boris,12345566,pradheep.sh@gmail.com 
512,512 ,Anton,12345566,pradheep.sh@gmail.com 
513,512 ,Barry,12345566,pradheep.sh@gmail.com 
514,514 ,Arron,12345566,pradheep.sh@gmail.com 
515,513 ,Brett,12345566,pradheep.sh@gmail.com 
516,516 ,Berry,12345566,pradheep.sh@gmail.com 
517,517 ,Britt,12345566,pradheep.sh@gmail.com 
518,497 ,Bruce,12345566,pradheep.sh@gmail.com 
519,519 ,Avery,12345566,pradheep.sh@gmail.com 
520,518 ,Bruno,12345566,pradheep.sh@gmail.com 
521,508 ,Bryan,12345566,pradheep.sh@gmail.com 
522,501 ,Bryce,12345566,pradheep.sh@gmail.com 
523,522 ,Bryon,12345566,pradheep.sh@gmail.com 
524,504 ,Buddy,12345566,pradheep.sh@gmail.com 
525,522 ,Byron,12345566,pradheep.sh@gmail.com 
526,500 ,Carey,12345566,pradheep.sh@gmail.com 
527,497 ,Carlo,12345566,pradheep.sh@gmail.com 
528,497 ,Carol,12345566,pradheep.sh@gmail.com 
529,501 ,Casey,12345566,pradheep.sh@gmail.com 
530,494 ,Cesar,12345566,pradheep.sh@gmail.com 
531,484 ,Chase,12345566,pradheep.sh@gmail.com 
532,495 ,Chong,12345566,pradheep.sh@gmail.com 
533,505 ,Chris,12345566,pradheep.sh@gmail.com 
534,494 ,Chuck,12345566,pradheep.sh@gmail.com 
535,501 ,Chung,12345566,pradheep.sh@gmail.com 
536,491 ,Clair,12345566,pradheep.sh@gmail.com 
537,493 ,Clark,12345566,pradheep.sh@gmail.com 
538,489 ,Claud,12345566,pradheep.sh@gmail.com 
539,484 ,Cliff,12345566,pradheep.sh@gmail.com 
540,506 ,Clint,12345566,pradheep.sh@gmail.com 
541,497 ,Clyde,12345566,pradheep.sh@gmail.com 
542,505 ,Colby,12345566,pradheep.sh@gmail.com 
543,501 ,Colin,12345566,pradheep.sh@gmail.com 
544,514 ,Corey,12345566,pradheep.sh@gmail.com 
545,486 ,Craig,12345566,pradheep.sh@gmail.com 
546,515 ,Cyril,12345566,pradheep.sh@gmail.com 
547,534 ,Cyrus,12345566,pradheep.sh@gmail.com 
548,495 ,Damon,12345566,pradheep.sh@gmail.com 
549,506 ,Danny,12345566,pradheep.sh@gmail.com 
550,492 ,Dante,12345566,pradheep.sh@gmail.com 
551,490 ,Daren,12345566,pradheep.sh@gmail.com 
552,494 ,Darin,12345566,pradheep.sh@gmail.com 
553,495 ,Dario,12345566,pradheep.sh@gmail.com 
554,500 ,Daron,12345566,pradheep.sh@gmail.com 
555,508 ,Daryl,12345566,pradheep.sh@gmail.com 
556,488 ,David,12345566,pradheep.sh@gmail.com 
557,503 ,Davis,12345566,pradheep.sh@gmail.com 
558,499 ,Denis,12345566,pradheep.sh@gmail.com 
559,510 ,Denny,12345566,pradheep.sh@gmail.com 
560,491 ,Derek,12345566,pradheep.sh@gmail.com 
561,502 ,Devin,12345566,pradheep.sh@gmail.com 
562,508 ,Devon,12345566,pradheep.sh@gmail.com 
563,510 ,Dewey,12345566,pradheep.sh@gmail.com 
564,488 ,Diego,12345566,pradheep.sh@gmail.com 
565,520 ,Donny,12345566,pradheep.sh@gmail.com 
566,506 ,Donte,12345566,pradheep.sh@gmail.com 
567,509 ,Doyle,12345566,pradheep.sh@gmail.com 
568,493 ,Duane,12345566,pradheep.sh@gmail.com 
569,537 ,Dusty,12345566,pradheep.sh@gmail.com 
570,499 ,Dwain,12345566,pradheep.sh@gmail.com 
571,504 ,Dylan,12345566,pradheep.sh@gmail.com 
572,489 ,Earle,12345566,pradheep.sh@gmail.com 
573,483 ,Edgar,12345566,pradheep.sh@gmail.com 
574,503 ,Edwin,12345566,pradheep.sh@gmail.com 
575,496 ,Efren,12345566,pradheep.sh@gmail.com 
576,488 ,Elden,12345566,pradheep.sh@gmail.com 
577,498 ,Eldon,12345566,pradheep.sh@gmail.com 
578,578 ,Chance,12345566,pradheep.sh@gmail.com 
579,579 ,Bobbie,12345566,pradheep.sh@gmail.com 
580,494 ,Elias,12345566,pradheep.sh@gmail.com 
581,505 ,Ellis,12345566,pradheep.sh@gmail.com 
582,501 ,Elmer,12345566,pradheep.sh@gmail.com 
583,583 ,Anibal,12345566,pradheep.sh@gmail.com 
584,523 ,Elroy,12345566,pradheep.sh@gmail.com 
585,585 ,Danial,12345566,pradheep.sh@gmail.com 
586,586 ,Cedric,12345566,pradheep.sh@gmail.com 
587,587 ,Andrea,12345566,pradheep.sh@gmail.com 
588,588 ,Archie,12345566,pradheep.sh@gmail.com 
589,587 ,Blaine,12345566,pradheep.sh@gmail.com 
590,590 ,Alfred,12345566,pradheep.sh@gmail.com 
591,591 ,Adrian,12345566,pradheep.sh@gmail.com 
592,590 ,Claude,12345566,pradheep.sh@gmail.com 
593,593 ,Bennie,12345566,pradheep.sh@gmail.com 
594,593 ,Billie,12345566,pradheep.sh@gmail.com 
595,595 ,Armand,12345566,pradheep.sh@gmail.com 
596,593 ,Dallas,12345566,pradheep.sh@gmail.com 
597,597 ,Adolfo,12345566,pradheep.sh@gmail.com 
598,598 ,Angelo,12345566,pradheep.sh@gmail.com 
599,597 ,Bernie,12345566,pradheep.sh@gmail.com 
600,600 ,Adolph,12345566,pradheep.sh@gmail.com 
601,598 ,Carmen,12345566,pradheep.sh@gmail.com 
602,602 ,Albert,12345566,pradheep.sh@gmail.com 
603,599 ,Conrad,12345566,pradheep.sh@gmail.com 
604,604 ,Connie,12345566,pradheep.sh@gmail.com 
605,605 ,Andres,12345566,pradheep.sh@gmail.com 
606,606 ,Bradly,12345566,pradheep.sh@gmail.com 
607,605 ,Calvin,12345566,pradheep.sh@gmail.com 
608,608 ,Arnold,12345566,pradheep.sh@gmail.com 
609,609 ,Andrew,12345566,pradheep.sh@gmail.com 
610,609 ,Barney,12345566,pradheep.sh@gmail.com 
611,609 ,Benito,12345566,pradheep.sh@gmail.com 
612,610 ,Booker,12345566,pradheep.sh@gmail.com 
613,613 ,Alvaro,12345566,pradheep.sh@gmail.com 
614,614 ,Alexis,12345566,pradheep.sh@gmail.com 
615,613 ,Antone,12345566,pradheep.sh@gmail.com 
616,614 ,Ashley,12345566,pradheep.sh@gmail.com 
617,617 ,Antwan,12345566,pradheep.sh@gmail.com 
618,616 ,Aubrey,12345566,pradheep.sh@gmail.com 
619,614 ,Barton,12345566,pradheep.sh@gmail.com 
620,620 ,Alonso,12345566,pradheep.sh@gmail.com 
621,614 ,Benton,12345566,pradheep.sh@gmail.com 
622,610 ,Buford,12345566,pradheep.sh@gmail.com 
623,612 ,Carlos,12345566,pradheep.sh@gmail.com 
624,624 ,Brooks,12345566,pradheep.sh@gmail.com 
625,624 ,Bryant,12345566,pradheep.sh@gmail.com 
626,611 ,Carrol,12345566,pradheep.sh@gmail.com 
627,627 ,Alonzo,12345566,pradheep.sh@gmail.com 
628,628 ,Austin,12345566,pradheep.sh@gmail.com 
629,629 ,Buster,12345566,pradheep.sh@gmail.com 
630,630 ,Arthur,12345566,pradheep.sh@gmail.com 
631,614 ,Carson,12345566,pradheep.sh@gmail.com 
632,609 ,Carter,12345566,pradheep.sh@gmail.com 
633,633 ,Antony,12345566,pradheep.sh@gmail.com 
634,633 ,August,12345566,pradheep.sh@gmail.com 
635,634 ,Burton,12345566,pradheep.sh@gmail.com 
636,624 ,Cletus,12345566,pradheep.sh@gmail.com 
637,637 ,Arturo,12345566,pradheep.sh@gmail.com 
638,609 ,Collin,12345566,pradheep.sh@gmail.com 
639,623 ,Colton,12345566,pradheep.sh@gmail.com 
640,631 ,Cortez,12345566,pradheep.sh@gmail.com 
641,634 ,Curtis,12345566,pradheep.sh@gmail.com 
642,610 ,Dalton,12345566,pradheep.sh@gmail.com 
643,586 ,Damian,12345566,pradheep.sh@gmail.com 
644,590 ,Damien,12345566,pradheep.sh@gmail.com 
645,600 ,Damion,12345566,pradheep.sh@gmail.com 
646,589 ,Daniel,12345566,pradheep.sh@gmail.com 
647,599 ,Danilo,12345566,pradheep.sh@gmail.com 
648,591 ,Dannie,12345566,pradheep.sh@gmail.com 
649,596 ,Darell,12345566,pradheep.sh@gmail.com 
650,616 ,Darius,12345566,pradheep.sh@gmail.com 
651,602 ,Darrel,12345566,pradheep.sh@gmail.com 
652,604 ,Darren,12345566,pradheep.sh@gmail.com 
653,608 ,Darrin,12345566,pradheep.sh@gmail.com 
654,614 ,Darron,12345566,pradheep.sh@gmail.com 
655,622 ,Darryl,12345566,pradheep.sh@gmail.com 
656,613 ,Darwin,12345566,pradheep.sh@gmail.com 
657,597 ,Delmar,12345566,pradheep.sh@gmail.com 
658,601 ,Delmer,12345566,pradheep.sh@gmail.com 
659,609 ,Dennis,12345566,pradheep.sh@gmail.com 
660,612 ,Denver,12345566,pradheep.sh@gmail.com 
661,594 ,Derick,12345566,pradheep.sh@gmail.com 
662,625 ,Dewitt,12345566,pradheep.sh@gmail.com 
663,620 ,Dexter,12345566,pradheep.sh@gmail.com 
664,610 ,Dillon,12345566,pradheep.sh@gmail.com 
665,594 ,Donald,12345566,pradheep.sh@gmail.com 
666,605 ,Donnie,12345566,pradheep.sh@gmail.com 
667,605 ,Dorian,12345566,pradheep.sh@gmail.com 
668,630 ,Dorsey,12345566,pradheep.sh@gmail.com 
669,615 ,Dudley,12345566,pradheep.sh@gmail.com 
670,601 ,Duncan,12345566,pradheep.sh@gmail.com 
671,631 ,Dustin,12345566,pradheep.sh@gmail.com 
672,616 ,Dwayne,12345566,pradheep.sh@gmail.com 
673,615 ,Dwight,12345566,pradheep.sh@gmail.com 
674,610 ,Edison,12345566,pradheep.sh@gmail.com 
675,599 ,Edmond,12345566,pradheep.sh@gmail.com 
676,605 ,Edmund,12345566,pradheep.sh@gmail.com 
677,599 ,Edward,12345566,pradheep.sh@gmail.com 
678,597 ,Efrain,12345566,pradheep.sh@gmail.com 
679,606 ,Elbert,12345566,pradheep.sh@gmail.com 
680,589 ,Elijah,12345566,pradheep.sh@gmail.com 
681,609 ,Eliseo,12345566,pradheep.sh@gmail.com 
682,598 ,Elisha,12345566,pradheep.sh@gmail.com 
683,617 ,Elliot,12345566,pradheep.sh@gmail.com 
684,684 ,Abraham,12345566,pradheep.sh@gmail.com 
685,514 ,Elton,12345566,pradheep.sh@gmail.com 
686,510 ,Elvin,12345566,pradheep.sh@gmail.com 
687,515 ,Elvis,12345566,pradheep.sh@gmail.com 
688,618 ,Elwood,12345566,pradheep.sh@gmail.com 
689,514 ,Emery,12345566,pradheep.sh@gmail.com 
690,492 ,Emile,12345566,pradheep.sh@gmail.com 
691,691 ,Deandre,12345566,pradheep.sh@gmail.com 
692,607 ,Emilio,12345566,pradheep.sh@gmail.com 
693,693 ,Cedrick,12345566,pradheep.sh@gmail.com 
694,694 ,Edgardo,12345566,pradheep.sh@gmail.com 
695,620 ,Emmett,12345566,pradheep.sh@gmail.com 
696,696 ,Charlie,12345566,pradheep.sh@gmail.com 
697,624 ,Emmitt,12345566,pradheep.sh@gmail.com 
698,698 ,Branden,12345566,pradheep.sh@gmail.com 
699,698 ,Brendan,12345566,pradheep.sh@gmail.com 
700,524 ,Emory,12345566,pradheep.sh@gmail.com 
701,701 ,Alfredo,12345566,pradheep.sh@gmail.com 
702,702 ,Andreas,12345566,pradheep.sh@gmail.com 
703,702 ,Bernard,12345566,pradheep.sh@gmail.com 
704,703 ,Carmine,12345566,pradheep.sh@gmail.com 
705,705 ,Claudio,12345566,pradheep.sh@gmail.com 
706,706 ,Armando,12345566,pradheep.sh@gmail.com 
707,707 ,Bradley,12345566,pradheep.sh@gmail.com 
708,708 ,Brandon,12345566,pradheep.sh@gmail.com 
709,709 ,Cameron,12345566,pradheep.sh@gmail.com 
710,707 ,Carmelo,12345566,pradheep.sh@gmail.com 
711,706 ,Charles,12345566,pradheep.sh@gmail.com 
712,712 ,Brendon,12345566,pradheep.sh@gmail.com 
713,713 ,Alberto,12345566,pradheep.sh@gmail.com 
714,713 ,Ambrose,12345566,pradheep.sh@gmail.com 
715,714 ,Antonia,12345566,pradheep.sh@gmail.com 
716,712 ,Charley,12345566,pradheep.sh@gmail.com 
717,717 ,Bertram,12345566,pradheep.sh@gmail.com 
718,718 ,Antione,12345566,pradheep.sh@gmail.com 
719,718 ,Antoine,12345566,pradheep.sh@gmail.com 
720,719 ,Arnoldo,12345566,pradheep.sh@gmail.com 
721,721 ,Aurelio,12345566,pradheep.sh@gmail.com 
722,722 ,Alfonso,12345566,pradheep.sh@gmail.com 
723,720 ,Bennett,12345566,pradheep.sh@gmail.com 
724,724 ,Barrett,12345566,pradheep.sh@gmail.com 
725,723 ,Carlton,12345566,pradheep.sh@gmail.com 
726,719 ,Carroll,12345566,pradheep.sh@gmail.com 
727,727 ,Arnulfo,12345566,pradheep.sh@gmail.com 
728,728 ,Antonio,12345566,pradheep.sh@gmail.com 
729,729 ,Alfonzo,12345566,pradheep.sh@gmail.com 
730,728 ,Brenton,12345566,pradheep.sh@gmail.com 
731,731 ,Agustin,12345566,pradheep.sh@gmail.com 
732,718 ,Chester,12345566,pradheep.sh@gmail.com 
733,730 ,Clayton,12345566,pradheep.sh@gmail.com 
734,712 ,Clement,12345566,pradheep.sh@gmail.com 
735,719 ,Clifton,12345566,pradheep.sh@gmail.com 
736,727 ,Clinton,12345566,pradheep.sh@gmail.com 
737,737 ,Anthony,12345566,pradheep.sh@gmail.com 
738,703 ,Coleman,12345566,pradheep.sh@gmail.com 
739,709 ,Cordell,12345566,pradheep.sh@gmail.com 
740,719 ,Cornell,12345566,pradheep.sh@gmail.com 
741,706 ,Darnell,12345566,pradheep.sh@gmail.com 
742,710 ,Darrell,12345566,pradheep.sh@gmail.com 
743,704 ,Darrick,12345566,pradheep.sh@gmail.com 
744,706 ,Delbert,12345566,pradheep.sh@gmail.com 
745,708 ,Derrick,12345566,pradheep.sh@gmail.com 
746,714 ,Deshawn,12345566,pradheep.sh@gmail.com 
747,714 ,Desmond,12345566,pradheep.sh@gmail.com 
748,717 ,Dewayne,12345566,pradheep.sh@gmail.com 
749,703 ,Domenic,12345566,pradheep.sh@gmail.com 
750,717 ,Domingo,12345566,pradheep.sh@gmail.com 
751,707 ,Dominic,12345566,pradheep.sh@gmail.com 
752,716 ,Donnell,12345566,pradheep.sh@gmail.com 
753,725 ,Donovan,12345566,pradheep.sh@gmail.com 
754,719 ,Douglas,12345566,pradheep.sh@gmail.com 
755,722 ,Earnest,12345566,pradheep.sh@gmail.com 
756,716 ,Edmundo,12345566,pradheep.sh@gmail.com 
757,708 ,Eduardo,12345566,pradheep.sh@gmail.com 
758,710 ,Edwardo,12345566,pradheep.sh@gmail.com 
759,733 ,Elliott,12345566,pradheep.sh@gmail.com 
760,711 ,Emanuel,12345566,pradheep.sh@gmail.com 
761,729 ,Emerson,12345566,pradheep.sh@gmail.com 
762,493 ,Enoch,12345566,pradheep.sh@gmail.com 
763,729 ,Enrique,12345566,pradheep.sh@gmail.com 
764,615 ,Erasmo,12345566,pradheep.sh@gmail.com 
765,491 ,Erich,12345566,pradheep.sh@gmail.com 
766,494 ,Erick,12345566,pradheep.sh@gmail.com 
767,625 ,Ernest,12345566,pradheep.sh@gmail.com 
768,736 ,Ernesto,12345566,pradheep.sh@gmail.com 
769,499 ,Ernie,12345566,pradheep.sh@gmail.com 
770,516 ,Errol,12345566,pradheep.sh@gmail.com 
771,516 ,Ervin,12345566,pradheep.sh@gmail.com 
772,517 ,Erwin,12345566,pradheep.sh@gmail.com 
773,706 ,Esteban,12345566,pradheep.sh@gmail.com 
774,496 ,Ethan,12345566,pradheep.sh@gmail.com 
775,601 ,Eugene,12345566,pradheep.sh@gmail.com 
776,716 ,Eugenio,12345566,pradheep.sh@gmail.com 
777,716 ,Eusebio,12345566,pradheep.sh@gmail.com 
778,735 ,Everett,12345566,pradheep.sh@gmail.com 
779,713 ,Ezekiel,12345566,pradheep.sh@gmail.com 
780,577 ,Fabian,12345566,pradheep.sh@gmail.com 
781,626 ,Fausto,12345566,pradheep.sh@gmail.com 
782,597 ,Felipe,12345566,pradheep.sh@gmail.com 
783,504 ,Felix,12345566,pradheep.sh@gmail.com 
784,616 ,Felton,12345566,pradheep.sh@gmail.com 
785,609 ,Fermin,12345566,pradheep.sh@gmail.com 
786,484 ,Fidel,12345566,pradheep.sh@gmail.com 
787,510 ,Floyd,12345566,pradheep.sh@gmail.com 
788,627 ,Forest,12345566,pradheep.sh@gmail.com 
789,741 ,Forrest,12345566,pradheep.sh@gmail.com 
790,627 ,Foster,12345566,pradheep.sh@gmail.com 
791,706 ,Frances,12345566,pradheep.sh@gmail.com 
792,710 ,Francis,12345566,pradheep.sh@gmail.com 
793,498 ,Frank,12345566,pradheep.sh@gmail.com 
794,704 ,Frankie,12345566,pradheep.sh@gmail.com 
795,691 ,Freddie,12345566,pradheep.sh@gmail.com 
796,606 ,Freddy,12345566,pradheep.sh@gmail.com 
797,797 ,Clarence,12345566,pradheep.sh@gmail.com 
798,798 ,Benedict,12345566,pradheep.sh@gmail.com 
799,798 ,Chadwick,12345566,pradheep.sh@gmail.com 
800,799 ,Deangelo,12345566,pradheep.sh@gmail.com 
801,800 ,Eldridge,12345566,pradheep.sh@gmail.com 
802,801 ,Federico,12345566,pradheep.sh@gmail.com 
803,703 ,Fredric,12345566,pradheep.sh@gmail.com 
804,804 ,Benjamin,12345566,pradheep.sh@gmail.com 
805,804 ,Bradford,12345566,pradheep.sh@gmail.com 
806,804 ,Frederic,12345566,pradheep.sh@gmail.com 
807,702 ,Freeman,12345566,pradheep.sh@gmail.com 
808,527 ,Fritz,12345566,pradheep.sh@gmail.com 
809,809 ,Clifford,12345566,pradheep.sh@gmail.com 
810,810 ,Fredrick,12345566,pradheep.sh@gmail.com 
811,694 ,Gabriel,12345566,pradheep.sh@gmail.com 
812,487 ,Galen,12345566,pradheep.sh@gmail.com 
813,813 ,Bernardo,12345566,pradheep.sh@gmail.com 
814,813 ,Clemente,12345566,pradheep.sh@gmail.com 
815,814 ,Dominick,12345566,pradheep.sh@gmail.com 
816,816 ,Chauncey,12345566,pradheep.sh@gmail.com 
817,813 ,Fernando,12345566,pradheep.sh@gmail.com 
818,813 ,Fletcher,12345566,pradheep.sh@gmail.com 
819,798 ,Garfield,12345566,pradheep.sh@gmail.com 
820,820 ,Demarcus,12345566,pradheep.sh@gmail.com 
821,820 ,Emmanuel,12345566,pradheep.sh@gmail.com 
822,821 ,Franklin,12345566,pradheep.sh@gmail.com 
823,697 ,Garland,12345566,pradheep.sh@gmail.com 
824,613 ,Garret,12345566,pradheep.sh@gmail.com 
825,729 ,Garrett,12345566,pradheep.sh@gmail.com 
826,826 ,Alphonse,12345566,pradheep.sh@gmail.com 
827,826 ,Anderson,12345566,pradheep.sh@gmail.com 
828,517 ,Garry,12345566,pradheep.sh@gmail.com 
829,502 ,Garth,12345566,pradheep.sh@gmail.com 
830,620 ,Gaston,12345566,pradheep.sh@gmail.com 
831,501 ,Gavin,12345566,pradheep.sh@gmail.com 
832,498 ,Gayle,12345566,pradheep.sh@gmail.com 
833,722 ,Gaylord,12345566,pradheep.sh@gmail.com 
834,834 ,Douglass,12345566,pradheep.sh@gmail.com 
835,604 ,Genaro,12345566,pradheep.sh@gmail.com 
836,836 ,Alphonso,12345566,pradheep.sh@gmail.com 
837,836 ,Everette,12345566,pradheep.sh@gmail.com 
838,836 ,Ezequiel,12345566,pradheep.sh@gmail.com 
839,837 ,Franklyn,12345566,pradheep.sh@gmail.com 
840,823 ,Geoffrey,12345566,pradheep.sh@gmail.com 
841,841 ,Faustino,12345566,pradheep.sh@gmail.com 
842,842 ,Columbus,12345566,pradheep.sh@gmail.com 
843,601 ,George,12345566,pradheep.sh@gmail.com 
844,591 ,Gerald,12345566,pradheep.sh@gmail.com 
845,702 ,Geraldo,12345566,pradheep.sh@gmail.com 
846,597 ,Gerard,12345566,pradheep.sh@gmail.com 
847,708 ,Gerardo,12345566,pradheep.sh@gmail.com 
848,602 ,German,12345566,pradheep.sh@gmail.com 
849,521 ,Gerry,12345566,pradheep.sh@gmail.com 
850,713 ,Gilbert,12345566,pradheep.sh@gmail.com 
851,824 ,Gilberto,12345566,pradheep.sh@gmail.com 
852,827 ,Giovanni,12345566,pradheep.sh@gmail.com 
853,834 ,Giuseppe,12345566,pradheep.sh@gmail.com 
854,500 ,Glenn,12345566,pradheep.sh@gmail.com 
855,730 ,Gonzalo,12345566,pradheep.sh@gmail.com 
856,617 ,Gordon,12345566,pradheep.sh@gmail.com 
857,857 ,Courtney,12345566,pradheep.sh@gmail.com 
858,503 ,Grady,12345566,pradheep.sh@gmail.com 
859,592 ,Graham,12345566,pradheep.sh@gmail.com 
860,490 ,Graig,12345566,pradheep.sh@gmail.com 
861,508 ,Grant,12345566,pradheep.sh@gmail.com 
862,492 ,Gregg,12345566,pradheep.sh@gmail.com 
863,830 ,Gregorio,12345566,pradheep.sh@gmail.com 
864,735 ,Gregory,12345566,pradheep.sh@gmail.com 
865,865 ,Augustus,12345566,pradheep.sh@gmail.com 
866,629 ,Grover,12345566,pradheep.sh@gmail.com 
867,745 ,Gustavo,12345566,pradheep.sh@gmail.com 
868,598 ,Harlan,12345566,pradheep.sh@gmail.com 
869,698 ,Harland,12345566,pradheep.sh@gmail.com 
870,613 ,Harley,12345566,pradheep.sh@gmail.com 
871,602 ,Harold,12345566,pradheep.sh@gmail.com 
872,617 ,Harris,12345566,pradheep.sh@gmail.com 
873,838 ,Harrison,12345566,pradheep.sh@gmail.com 
874,518 ,Harry,12345566,pradheep.sh@gmail.com 
875,623 ,Harvey,12345566,pradheep.sh@gmail.com 
876,606 ,Hassan,12345566,pradheep.sh@gmail.com 
877,601 ,Hayden,12345566,pradheep.sh@gmail.com 
878,731 ,Haywood,12345566,pradheep.sh@gmail.com 
879,490 ,Heath,12345566,pradheep.sh@gmail.com 
880,613 ,Hector,12345566,pradheep.sh@gmail.com 
881,518 ,Henry,12345566,pradheep.sh@gmail.com 
882,716 ,Herbert,12345566,pradheep.sh@gmail.com 
883,603 ,Herman,12345566,pradheep.sh@gmail.com 
884,814 ,Herschel,12345566,pradheep.sh@gmail.com 
885,715 ,Hershel,12345566,pradheep.sh@gmail.com 
886,712 ,Hilario,12345566,pradheep.sh@gmail.com 
887,622 ,Hilton,12345566,pradheep.sh@gmail.com 
888,840 ,Hipolito,12345566,pradheep.sh@gmail.com 
889,497 ,Hiram,12345566,pradheep.sh@gmail.com 
890,612 ,Hobert,12345566,pradheep.sh@gmail.com 
891,619 ,Hollis,12345566,pradheep.sh@gmail.com 
892,507 ,Homer,12345566,pradheep.sh@gmail.com 
893,594 ,Horace,12345566,pradheep.sh@gmail.com 
894,709 ,Horacio,12345566,pradheep.sh@gmail.com 
895,496 ,Hosea,12345566,pradheep.sh@gmail.com 
896,752 ,Houston,12345566,pradheep.sh@gmail.com 
897,613 ,Howard,12345566,pradheep.sh@gmail.com 
898,618 ,Hubert,12345566,pradheep.sh@gmail.com 
899,838 ,Humberto,12345566,pradheep.sh@gmail.com 
900,630 ,Hunter,12345566,pradheep.sh@gmail.com 
901,509 ,Hyman,12345566,pradheep.sh@gmail.com 
902,698 ,Ignacio,12345566,pradheep.sh@gmail.com 
903,520 ,Irvin,12345566,pradheep.sh@gmail.com 
904,623 ,Irving,12345566,pradheep.sh@gmail.com 
905,521 ,Irwin,12345566,pradheep.sh@gmail.com 
906,481 ,Isaac,12345566,pradheep.sh@gmail.com 
907,907 ,Ferdinand,12345566,pradheep.sh@gmail.com 
908,591 ,Isaiah,12345566,pradheep.sh@gmail.com 
909,602 ,Isaias,12345566,pradheep.sh@gmail.com 
910,910 ,Adalberto,12345566,pradheep.sh@gmail.com 
911,910 ,Cleveland,12345566,pradheep.sh@gmail.com 
912,912 ,Alejandro,12345566,pradheep.sh@gmail.com 
913,911 ,Frederick,12345566,pradheep.sh@gmail.com 
914,494 ,Isiah,12345566,pradheep.sh@gmail.com 
915,618 ,Isidro,12345566,pradheep.sh@gmail.com 
916,916 ,Alexander,12345566,pradheep.sh@gmail.com 
917,917 ,Broderick,12345566,pradheep.sh@gmail.com 
918,916 ,Francesco,12345566,pradheep.sh@gmail.com 
919,603 ,Ismael,12345566,pradheep.sh@gmail.com 
920,920 ,Francisco,12345566,pradheep.sh@gmail.com 
921,920 ,Guadalupe,12345566,pradheep.sh@gmail.com 
922,608 ,Israel,12345566,pradheep.sh@gmail.com 
923,608 ,Isreal,12345566,pradheep.sh@gmail.com 
924,499 ,Issac,12345566,pradheep.sh@gmail.com 
925,537 ,Ivory,12345566,pradheep.sh@gmail.com 
926,712 ,Jacinto,12345566,pradheep.sh@gmail.com 
927,583 ,Jackie,12345566,pradheep.sh@gmail.com 
928,928 ,Filiberto,12345566,pradheep.sh@gmail.com 
929,929 ,Florencio,12345566,pradheep.sh@gmail.com 
930,713 ,Jackson,12345566,pradheep.sh@gmail.com 
931,931 ,Cristobal,12345566,pradheep.sh@gmail.com 
932,932 ,Granville,12345566,pradheep.sh@gmail.com 
933,933 ,Christian,12345566,pradheep.sh@gmail.com 
934,932 ,Heriberto,12345566,pradheep.sh@gmail.com 
935,479 ,Jacob,12345566,pradheep.sh@gmail.com 
936,716 ,Jacques,12345566,pradheep.sh@gmail.com 
937,486 ,Jaime,12345566,pradheep.sh@gmail.com 
938,582 ,Jamaal,12345566,pradheep.sh@gmail.com 
939,939 ,Dominique,12345566,pradheep.sh@gmail.com 
940,485 ,Jamal,12345566,pradheep.sh@gmail.com 
941,491 ,Jamar,12345566,pradheep.sh@gmail.com 
942,489 ,Jamel,12345566,pradheep.sh@gmail.com 
943,496 ,James,12345566,pradheep.sh@gmail.com 
944,944 ,Guillermo,12345566,pradheep.sh@gmail.com 
945,502 ,Jamey,12345566,pradheep.sh@gmail.com 
946,946 ,Demetrius,12345566,pradheep.sh@gmail.com 
947,486 ,Jamie,12345566,pradheep.sh@gmail.com 
948,948 ,Cornelius,12345566,pradheep.sh@gmail.com 
949,949 ,Augustine,12345566,pradheep.sh@gmail.com 
950,721 ,Jamison,12345566,pradheep.sh@gmail.com 
951,486 ,Jared,12345566,pradheep.sh@gmail.com 
952,496 ,Jarod,12345566,pradheep.sh@gmail.com 
953,600 ,Jarred,12345566,pradheep.sh@gmail.com 
954,732 ,Jarrett,12345566,pradheep.sh@gmail.com 
955,610 ,Jarrod,12345566,pradheep.sh@gmail.com 
956,623 ,Jarvis,12345566,pradheep.sh@gmail.com 
957,507 ,Jason,12345566,pradheep.sh@gmail.com 
958,613 ,Jasper,12345566,pradheep.sh@gmail.com 
959,609 ,Javier,12345566,pradheep.sh@gmail.com 
960,628 ,Jayson,12345566,pradheep.sh@gmail.com 
961,816 ,Jefferey,12345566,pradheep.sh@gmail.com 
962,930 ,Jefferson,12345566,pradheep.sh@gmail.com 
963,715 ,Jeffery,12345566,pradheep.sh@gmail.com 
964,964 ,Ellsworth,12345566,pradheep.sh@gmail.com 
965,715 ,Jeffrey,12345566,pradheep.sh@gmail.com 
966,614 ,Jeffry,12345566,pradheep.sh@gmail.com 
967,594 ,Jerald,12345566,pradheep.sh@gmail.com 
968,616 ,Jeramy,12345566,pradheep.sh@gmail.com 
969,805 ,Jeremiah,12345566,pradheep.sh@gmail.com 
970,620 ,Jeremy,12345566,pradheep.sh@gmail.com 
971,811 ,Jermaine,12345566,pradheep.sh@gmail.com 
972,608 ,Jerold,12345566,pradheep.sh@gmail.com 
973,610 ,Jerome,12345566,pradheep.sh@gmail.com 
974,630 ,Jeromy,12345566,pradheep.sh@gmail.com 
975,720 ,Jerrell,12345566,pradheep.sh@gmail.com 
976,614 ,Jerrod,12345566,pradheep.sh@gmail.com 
977,722 ,Jerrold,12345566,pradheep.sh@gmail.com 
978,524 ,Jerry,12345566,pradheep.sh@gmail.com 
979,506 ,Jesse,12345566,pradheep.sh@gmail.com 
980,611 ,Jessie,12345566,pradheep.sh@gmail.com 
981,522 ,Jesus,12345566,pradheep.sh@gmail.com 
982,503 ,Jewel,12345566,pradheep.sh@gmail.com 
983,611 ,Jewell,12345566,pradheep.sh@gmail.com 
984,603 ,Jimmie,12345566,pradheep.sh@gmail.com 
985,518 ,Jimmy,12345566,pradheep.sh@gmail.com 
986,727 ,Joaquin,12345566,pradheep.sh@gmail.com 
987,617 ,Joesph,12345566,pradheep.sh@gmail.com 
988,923 ,Johnathan,12345566,pradheep.sh@gmail.com 
989,937 ,Johnathon,12345566,pradheep.sh@gmail.com 
990,605 ,Johnie,12345566,pradheep.sh@gmail.com 
991,715 ,Johnnie,12345566,pradheep.sh@gmail.com 
992,630 ,Johnny,12345566,pradheep.sh@gmail.com 
993,735 ,Johnson,12345566,pradheep.sh@gmail.com 
994,496 ,Jonah,12345566,pradheep.sh@gmail.com 
995,507 ,Jonas,12345566,pradheep.sh@gmail.com 
996,819 ,Jonathan,12345566,pradheep.sh@gmail.com 
997,833 ,Jonathon,12345566,pradheep.sh@gmail.com 
998,606 ,Jordan,12345566,pradheep.sh@gmail.com 
999,620 ,Jordon,12345566,pradheep.sh@gmail.com 
1000,503 ,Jorge,12345566,pradheep.sh@gmail.com 
1001,503 ,Josef,12345566,pradheep.sh@gmail.com 
1002,617 ,Joseph,12345566,pradheep.sh@gmail.com 
1003,618 ,Joshua,12345566,pradheep.sh@gmail.com 
1004,606 ,Josiah,12345566,pradheep.sh@gmail.com 
1005,617 ,Jospeh,12345566,pradheep.sh@gmail.com 
1006,518 ,Josue,12345566,pradheep.sh@gmail.com 
1007,627 ,Judson,12345566,pradheep.sh@gmail.com 
1008,515 ,Jules,12345566,pradheep.sh@gmail.com 
1009,611 ,Julian,12345566,pradheep.sh@gmail.com 
1010,515 ,Julio,12345566,pradheep.sh@gmail.com 
1011,636 ,Julius,12345566,pradheep.sh@gmail.com 
1012,631 ,Junior,12345566,pradheep.sh@gmail.com 
1013,637 ,Justin,12345566,pradheep.sh@gmail.com 
1014,597 ,Kareem,12345566,pradheep.sh@gmail.com 
1015,509 ,Kasey,12345566,pradheep.sh@gmail.com 
1016,594 ,Keenan,12345566,pradheep.sh@gmail.com 
1017,501 ,Keith,12345566,pradheep.sh@gmail.com 
1018,614 ,Kelley,12345566,pradheep.sh@gmail.com 
1019,513 ,Kelly,12345566,pradheep.sh@gmail.com 
1020,617 ,Kelvin,12345566,pradheep.sh@gmail.com 
1021,699 ,Kendall,12345566,pradheep.sh@gmail.com 
1022,811 ,Kendrick,12345566,pradheep.sh@gmail.com 
1023,607 ,Keneth,12345566,pradheep.sh@gmail.com 
1024,717 ,Kenneth,12345566,pradheep.sh@gmail.com 
1025,721 ,Kennith,12345566,pradheep.sh@gmail.com 
1026,517 ,Kenny,12345566,pradheep.sh@gmail.com 
1027,623 ,Kenton,12345566,pradheep.sh@gmail.com 
1028,620 ,Kermit,12345566,pradheep.sh@gmail.com 
1029,525 ,Kerry,12345566,pradheep.sh@gmail.com 
1030,505 ,Keven,12345566,pradheep.sh@gmail.com 
1031,509 ,Kevin,12345566,pradheep.sh@gmail.com 
1032,501 ,Kieth,12345566,pradheep.sh@gmail.com 
1033,513 ,Kirby,12345566,pradheep.sh@gmail.com 
1034,522 ,Korey,12345566,pradheep.sh@gmail.com 
1035,494 ,Kraig,12345566,pradheep.sh@gmail.com 
1036,953 ,Kristofer,12345566,pradheep.sh@gmail.com 
1037,642 ,Kurtis,12345566,pradheep.sh@gmail.com 
1038,493 ,Lamar,12345566,pradheep.sh@gmail.com 
1039,619 ,Lamont,12345566,pradheep.sh@gmail.com 
1040,483 ,Lance,12345566,pradheep.sh@gmail.com 
1041,604 ,Landon,12345566,pradheep.sh@gmail.com 
1042,514 ,Lanny,12345566,pradheep.sh@gmail.com 
1043,522 ,Larry,12345566,pradheep.sh@gmail.com 
1044,615 ,Lauren,12345566,pradheep.sh@gmail.com 
1045,815 ,Laurence,12345566,pradheep.sh@gmail.com 
1046,616 ,Lavern,12345566,pradheep.sh@gmail.com 
1047,717 ,Laverne,12345566,pradheep.sh@gmail.com 
1048,918 ,Lawerence,12345566,pradheep.sh@gmail.com 
1049,817 ,Lawrence,12345566,pradheep.sh@gmail.com 
1050,617 ,Lazaro,12345566,pradheep.sh@gmail.com 
1051,709 ,Leandro,12345566,pradheep.sh@gmail.com 
1052,489 ,Leigh,12345566,pradheep.sh@gmail.com 
1053,592 ,Leland,12345566,pradheep.sh@gmail.com 
1054,612 ,Lemuel,12345566,pradheep.sh@gmail.com 
1055,598 ,Lenard,12345566,pradheep.sh@gmail.com 
1056,1056 ,Florentino,12345566,pradheep.sh@gmail.com 
1057,518 ,Lenny,12345566,pradheep.sh@gmail.com 
1058,709 ,Leonard,12345566,pradheep.sh@gmail.com 
1059,1059 ,Christoper,12345566,pradheep.sh@gmail.com 
1060,1059 ,Cristopher,12345566,pradheep.sh@gmail.com 
1061,820 ,Leonardo,12345566,pradheep.sh@gmail.com 
1062,607 ,Leonel,12345566,pradheep.sh@gmail.com 
1063,830 ,Leopoldo,12345566,pradheep.sh@gmail.com 
1064,523 ,Leroy,12345566,pradheep.sh@gmail.com 
1065,622 ,Lesley,12345566,pradheep.sh@gmail.com 
1066,606 ,Leslie,12345566,pradheep.sh@gmail.com 
1067,1067 ,Kristopher,12345566,pradheep.sh@gmail.com 
1068,623 ,Lester,12345566,pradheep.sh@gmail.com 
1069,516 ,Lewis,12345566,pradheep.sh@gmail.com 
1070,719 ,Lincoln,12345566,pradheep.sh@gmail.com 
1071,724 ,Lindsay,12345566,pradheep.sh@gmail.com 
1072,728 ,Lindsey,12345566,pradheep.sh@gmail.com 
1073,732 ,Linwood,12345566,pradheep.sh@gmail.com 
1074,611 ,Lionel,12345566,pradheep.sh@gmail.com 
1075,516 ,Lloyd,12345566,pradheep.sh@gmail.com 
1076,497 ,Logan,12345566,pradheep.sh@gmail.com 
1077,613 ,Lonnie,12345566,pradheep.sh@gmail.com 
1078,528 ,Lonny,12345566,pradheep.sh@gmail.com 
1079,512 ,Loren,12345566,pradheep.sh@gmail.com 
1080,745 ,Lorenzo,12345566,pradheep.sh@gmail.com 
1081,510 ,Louie,12345566,pradheep.sh@gmail.com 
1082,524 ,Louis,12345566,pradheep.sh@gmail.com 
1083,623 ,Lowell,12345566,pradheep.sh@gmail.com 
1084,408 ,Loyd,12345566,pradheep.sh@gmail.com 
1085,504 ,Lucas,12345566,pradheep.sh@gmail.com 
1086,715 ,Luciano,12345566,pradheep.sh@gmail.com 
1087,608 ,Lucien,12345566,pradheep.sh@gmail.com 
1088,508 ,Lucio,12345566,pradheep.sh@gmail.com 
1089,629 ,Lucius,12345566,pradheep.sh@gmail.com 
1090,506 ,Luigi,12345566,pradheep.sh@gmail.com 
1091,413 ,Luis,12345566,pradheep.sh@gmail.com 
1092,401 ,Luke,12345566,pradheep.sh@gmail.com 
1093,406 ,Lupe,12345566,pradheep.sh@gmail.com 
1094,628 ,Luther,12345566,pradheep.sh@gmail.com 
1095,406 ,Lyle,12345566,pradheep.sh@gmail.com 
1096,513 ,Lyman,12345566,pradheep.sh@gmail.com 
1097,628 ,Lyndon,12345566,pradheep.sh@gmail.com 
1098,417 ,Lynn,12345566,pradheep.sh@gmail.com 
1099,748 ,Lynwood,12345566,pradheep.sh@gmail.com 
1100,380 ,Mack,12345566,pradheep.sh@gmail.com 
1101,505 ,Major,12345566,pradheep.sh@gmail.com 
1102,709 ,Malcolm,12345566,pradheep.sh@gmail.com 
1103,601 ,Malcom,12345566,pradheep.sh@gmail.com 
1104,494 ,Malik,12345566,pradheep.sh@gmail.com 
1105,606 ,Manual,12345566,pradheep.sh@gmail.com 
1106,610 ,Manuel,12345566,pradheep.sh@gmail.com 
1107,387 ,Marc,12345566,pradheep.sh@gmail.com 
1108,596 ,Marcel,12345566,pradheep.sh@gmail.com 
1109,922 ,Marcelino,12345566,pradheep.sh@gmail.com 
1110,936 ,Marcellus,12345566,pradheep.sh@gmail.com 
1111,707 ,Marcelo,12345566,pradheep.sh@gmail.com 
1112,498 ,Marco,12345566,pradheep.sh@gmail.com 
1113,613 ,Marcos,12345566,pradheep.sh@gmail.com 
1114,619 ,Marcus,12345566,pradheep.sh@gmail.com 
1115,934 ,Margarito,12345566,pradheep.sh@gmail.com 
1116,490 ,Maria,12345566,pradheep.sh@gmail.com 
1117,711 ,Mariano,12345566,pradheep.sh@gmail.com 
1118,504 ,Mario,12345566,pradheep.sh@gmail.com 
1119,614 ,Marion,12345566,pradheep.sh@gmail.com 
1120,395 ,Mark,12345566,pradheep.sh@gmail.com 
1121,627 ,Markus,12345566,pradheep.sh@gmail.com 
1122,611 ,Marlin,12345566,pradheep.sh@gmail.com 
1123,617 ,Marlon,12345566,pradheep.sh@gmail.com 
1124,738 ,Marquis,12345566,pradheep.sh@gmail.com 
1125,820 ,Marshall,12345566,pradheep.sh@gmail.com 
1126,619 ,Martin,12345566,pradheep.sh@gmail.com 
1127,525 ,Marty,12345566,pradheep.sh@gmail.com 
1128,621 ,Marvin,12345566,pradheep.sh@gmail.com 
1129,409 ,Mary,12345566,pradheep.sh@gmail.com 
1130,510 ,Mason,12345566,pradheep.sh@gmail.com 
1131,614 ,Mathew,12345566,pradheep.sh@gmail.com 
1132,406 ,Matt,12345566,pradheep.sh@gmail.com 
1133,730 ,Matthew,12345566,pradheep.sh@gmail.com 
1134,710 ,Maurice,12345566,pradheep.sh@gmail.com 
1135,825 ,Mauricio,12345566,pradheep.sh@gmail.com 
1136,516 ,Mauro,12345566,pradheep.sh@gmail.com 
1137,619 ,Maximo,12345566,pradheep.sh@gmail.com 
1138,730 ,Maxwell,12345566,pradheep.sh@gmail.com 
1139,716 ,Maynard,12345566,pradheep.sh@gmail.com 
1140,828 ,Mckinley,12345566,pradheep.sh@gmail.com 
1141,619 ,Melvin,12345566,pradheep.sh@gmail.com 
1142,501 ,Merle,12345566,pradheep.sh@gmail.com 
1143,615 ,Merlin,12345566,pradheep.sh@gmail.com 
1144,727 ,Merrill,12345566,pradheep.sh@gmail.com 
1145,625 ,Mervin,12345566,pradheep.sh@gmail.com 
1146,482 ,Micah,12345566,pradheep.sh@gmail.com 
1147,691 ,Michael,12345566,pradheep.sh@gmail.com 
1148,590 ,Michal,12345566,pradheep.sh@gmail.com 
1149,691 ,Michale,12345566,pradheep.sh@gmail.com 
1150,691 ,Micheal,12345566,pradheep.sh@gmail.com 
1151,594 ,Michel,12345566,pradheep.sh@gmail.com 
1152,610 ,Mickey,12345566,pradheep.sh@gmail.com 
1153,611 ,Miguel,12345566,pradheep.sh@gmail.com 
1154,390 ,Mike,12345566,pradheep.sh@gmail.com 
1155,498 ,Mikel,12345566,pradheep.sh@gmail.com 
1156,497 ,Milan,12345566,pradheep.sh@gmail.com 
1157,506 ,Miles,12345566,pradheep.sh@gmail.com 
1158,717 ,Milford,12345566,pradheep.sh@gmail.com 
1159,709 ,Millard,12345566,pradheep.sh@gmail.com 
1160,401 ,Milo,12345566,pradheep.sh@gmail.com 
1161,627 ,Milton,12345566,pradheep.sh@gmail.com 
1162,396 ,Minh,12345566,pradheep.sh@gmail.com 
1163,1163 ,Christopher,12345566,pradheep.sh@gmail.com 
1164,621 ,Miquel,12345566,pradheep.sh@gmail.com 
1165,501 ,Mitch,12345566,pradheep.sh@gmail.com 
1166,710 ,Mitchel,12345566,pradheep.sh@gmail.com 
1167,818 ,Mitchell,12345566,pradheep.sh@gmail.com 
1168,731 ,Modesto,12345566,pradheep.sh@gmail.com 
1169,699 ,Mohamed,12345566,pradheep.sh@gmail.com 
1170,804 ,Mohammad,12345566,pradheep.sh@gmail.com 
1171,808 ,Mohammed,12345566,pradheep.sh@gmail.com 
1172,624 ,Moises,12345566,pradheep.sh@gmail.com 
1173,624 ,Monroe,12345566,pradheep.sh@gmail.com 
1174,515 ,Monte,12345566,pradheep.sh@gmail.com 
1175,535 ,Monty,12345566,pradheep.sh@gmail.com 
1176,612 ,Morgan,12345566,pradheep.sh@gmail.com 
1177,636 ,Morris,12345566,pradheep.sh@gmail.com 
1178,639 ,Morton,12345566,pradheep.sh@gmail.com 
1179,404 ,Mose,12345566,pradheep.sh@gmail.com 
1180,519 ,Moses,12345566,pradheep.sh@gmail.com 
1181,508 ,Moshe,12345566,pradheep.sh@gmail.com 
1182,640 ,Murray,12345566,pradheep.sh@gmail.com 
1183,522 ,Myles,12345566,pradheep.sh@gmail.com 
1184,533 ,Myron,12345566,pradheep.sh@gmail.com 
1185,828 ,Napoleon,12345566,pradheep.sh@gmail.com 
1186,602 ,Nathan,12345566,pradheep.sh@gmail.com 
1187,908 ,Nathanael,12345566,pradheep.sh@gmail.com 
1188,912 ,Nathanial,12345566,pradheep.sh@gmail.com 
1189,916 ,Nathaniel,12345566,pradheep.sh@gmail.com 
1190,384 ,Neal,12345566,pradheep.sh@gmail.com 
1191,392 ,Neil,12345566,pradheep.sh@gmail.com 
1192,623 ,Nelson,12345566,pradheep.sh@gmail.com 
1193,635 ,Nestor,12345566,pradheep.sh@gmail.com 
1194,719 ,Neville,12345566,pradheep.sh@gmail.com 
1195,635 ,Newton,12345566,pradheep.sh@gmail.com 
1196,817 ,Nicholas,12345566,pradheep.sh@gmail.com 
1197,389 ,Nick,12345566,pradheep.sh@gmail.com 
1198,820 ,Nickolas,12345566,pradheep.sh@gmail.com 
1199,510 ,Nicky,12345566,pradheep.sh@gmail.com 
1200,713 ,Nicolas,12345566,pradheep.sh@gmail.com 
1201,495 ,Nigel,12345566,pradheep.sh@gmail.com 
1202,390 ,Noah,12345566,pradheep.sh@gmail.com 
1203,496 ,Noble,12345566,pradheep.sh@gmail.com 
1204,398 ,Noel,12345566,pradheep.sh@gmail.com 
1205,504 ,Nolan,12345566,pradheep.sh@gmail.com 
1206,732 ,Norbert,12345566,pradheep.sh@gmail.com 
1207,843 ,Norberto,12345566,pradheep.sh@gmail.com 
1208,619 ,Norman,12345566,pradheep.sh@gmail.com 
1209,719 ,Normand,12345566,pradheep.sh@gmail.com 
1210,637 ,Norris,12345566,pradheep.sh@gmail.com 
1211,732 ,Numbers,12345566,pradheep.sh@gmail.com 
1212,725 ,Octavio,12345566,pradheep.sh@gmail.com 
1213,496 ,Odell,12345566,pradheep.sh@gmail.com 
1214,399 ,Odis,12345566,pradheep.sh@gmail.com 
1215,398 ,Olen,12345566,pradheep.sh@gmail.com 
1216,402 ,Olin,12345566,pradheep.sh@gmail.com 
1217,625 ,Oliver,12345566,pradheep.sh@gmail.com 
1218,501 ,Ollie,12345566,pradheep.sh@gmail.com 
1219,399 ,Omar,12345566,pradheep.sh@gmail.com 
1220,403 ,Omer,12345566,pradheep.sh@gmail.com 
1221,404 ,Oren,12345566,pradheep.sh@gmail.com 
1222,719 ,Orlando,12345566,pradheep.sh@gmail.com 
1223,516 ,Orval,12345566,pradheep.sh@gmail.com 
1224,733 ,Orville,12345566,pradheep.sh@gmail.com 
1225,504 ,Oscar,12345566,pradheep.sh@gmail.com 
1226,728 ,Osvaldo,12345566,pradheep.sh@gmail.com 
1227,729 ,Oswaldo,12345566,pradheep.sh@gmail.com 
1228,396 ,Otha,12345566,pradheep.sh@gmail.com 
1229,415 ,Otis,12345566,pradheep.sh@gmail.com 
1230,422 ,Otto,12345566,pradheep.sh@gmail.com 
1231,409 ,Owen,12345566,pradheep.sh@gmail.com 
1232,494 ,Pablo,12345566,pradheep.sh@gmail.com 
1233,609 ,Palmer,12345566,pradheep.sh@gmail.com 
1234,511 ,Paris,12345566,pradheep.sh@gmail.com 
1235,613 ,Parker,12345566,pradheep.sh@gmail.com 
1236,828 ,Pasquale,12345566,pradheep.sh@gmail.com 
1237,813 ,Patricia,12345566,pradheep.sh@gmail.com 
1238,718 ,Patrick,12345566,pradheep.sh@gmail.com 
1239,402 ,Paul,12345566,pradheep.sh@gmail.com 
1240,506 ,Pedro,12345566,pradheep.sh@gmail.com 
1241,515 ,Percy,12345566,pradheep.sh@gmail.com 
1242,530 ,Perry,12345566,pradheep.sh@gmail.com 
1243,398 ,Pete,12345566,pradheep.sh@gmail.com 
1244,512 ,Peter,12345566,pradheep.sh@gmail.com 
1245,397 ,Phil,12345566,pradheep.sh@gmail.com 
1246,614 ,Philip,12345566,pradheep.sh@gmail.com 
1247,722 ,Phillip,12345566,pradheep.sh@gmail.com 
1248,615 ,Pierre,12345566,pradheep.sh@gmail.com 
1249,842 ,Porfirio,12345566,pradheep.sh@gmail.com 
1250,636 ,Porter,12345566,pradheep.sh@gmail.com 
1251,747 ,Preston,12345566,pradheep.sh@gmail.com 
1252,609 ,Prince,12345566,pradheep.sh@gmail.com 
1253,740 ,Quentin,12345566,pradheep.sh@gmail.com 
1254,633 ,Quincy,12345566,pradheep.sh@gmail.com 
1255,523 ,Quinn,12345566,pradheep.sh@gmail.com 
1256,744 ,Quintin,12345566,pradheep.sh@gmail.com 
1257,750 ,Quinton,12345566,pradheep.sh@gmail.com 
1258,587 ,Rafael,12345566,pradheep.sh@gmail.com 
1259,700 ,Raleigh,12345566,pradheep.sh@gmail.com 
1260,503 ,Ralph,12345566,pradheep.sh@gmail.com 
1261,618 ,Ramiro,12345566,pradheep.sh@gmail.com 
1262,509 ,Ramon,12345566,pradheep.sh@gmail.com 
1263,594 ,Randal,12345566,pradheep.sh@gmail.com 
1264,702 ,Randall,12345566,pradheep.sh@gmail.com 
1265,706 ,Randell,12345566,pradheep.sh@gmail.com 
1266,824 ,Randolph,12345566,pradheep.sh@gmail.com 
1267,510 ,Randy,12345566,pradheep.sh@gmail.com 
1268,701 ,Raphael,12345566,pradheep.sh@gmail.com 
1269,595 ,Rashad,12345566,pradheep.sh@gmail.com 
1270,404 ,Raul,12345566,pradheep.sh@gmail.com 
1271,727 ,Rayford,12345566,pradheep.sh@gmail.com 
1272,630 ,Raymon,12345566,pradheep.sh@gmail.com 
1273,730 ,Raymond,12345566,pradheep.sh@gmail.com 
1274,847 ,Raymundo,12345566,pradheep.sh@gmail.com 
1275,384 ,Reed,12345566,pradheep.sh@gmail.com 
1276,721 ,Refugio,12345566,pradheep.sh@gmail.com 
1277,595 ,Reggie,12345566,pradheep.sh@gmail.com 
1278,806 ,Reginald,12345566,pradheep.sh@gmail.com 
1279,388 ,Reid,12345566,pradheep.sh@gmail.com 
1280,814 ,Reinaldo,12345566,pradheep.sh@gmail.com 
1281,709 ,Renaldo,12345566,pradheep.sh@gmail.com 
1282,617 ,Renato,12345566,pradheep.sh@gmail.com 
1283,394 ,Rene,12345566,pradheep.sh@gmail.com 
1284,609 ,Reuben,12345566,pradheep.sh@gmail.com 
1285,520 ,Reyes,12345566,pradheep.sh@gmail.com 
1286,830 ,Reynaldo,12345566,pradheep.sh@gmail.com 
1287,519 ,Rhett,12345566,pradheep.sh@gmail.com 
1288,708 ,Ricardo,12345566,pradheep.sh@gmail.com 
1289,390 ,Rich,12345566,pradheep.sh@gmail.com 
1290,701 ,Richard,12345566,pradheep.sh@gmail.com 
1291,596 ,Richie,12345566,pradheep.sh@gmail.com 
1292,393 ,Rick,12345566,pradheep.sh@gmail.com 
1293,615 ,Rickey,12345566,pradheep.sh@gmail.com 
1294,599 ,Rickie,12345566,pradheep.sh@gmail.com 
1295,514 ,Ricky,12345566,pradheep.sh@gmail.com 
1296,397 ,Rico,12345566,pradheep.sh@gmail.com 
1297,941 ,Rigoberto,12345566,pradheep.sh@gmail.com 
1298,517 ,Riley,12345566,pradheep.sh@gmail.com 
1299,595 ,Robbie,12345566,pradheep.sh@gmail.com 
1300,510 ,Robby,12345566,pradheep.sh@gmail.com 
1301,622 ,Robert,12345566,pradheep.sh@gmail.com 
1302,733 ,Roberto,12345566,pradheep.sh@gmail.com 
1303,506 ,Robin,12345566,pradheep.sh@gmail.com 
1304,407 ,Robt,12345566,pradheep.sh@gmail.com 
1305,502 ,Rocco,12345566,pradheep.sh@gmail.com 
1306,520 ,Rocky,12345566,pradheep.sh@gmail.com 
1307,819 ,Roderick,12345566,pradheep.sh@gmail.com 
1308,611 ,Rodger,12345566,pradheep.sh@gmail.com 
1309,625 ,Rodney,12345566,pradheep.sh@gmail.com 
1310,725 ,Rodolfo,12345566,pradheep.sh@gmail.com 
1311,718 ,Rodrick,12345566,pradheep.sh@gmail.com 
1312,726 ,Rodrigo,12345566,pradheep.sh@gmail.com 
1313,721 ,Rogelio,12345566,pradheep.sh@gmail.com 
1314,511 ,Roger,12345566,pradheep.sh@gmail.com 
1315,608 ,Roland,12345566,pradheep.sh@gmail.com 
1316,719 ,Rolando,12345566,pradheep.sh@gmail.com 
1317,403 ,Rolf,12345566,pradheep.sh@gmail.com 
1318,716 ,Rolland,12345566,pradheep.sh@gmail.com 
1319,509 ,Roman,12345566,pradheep.sh@gmail.com 
1320,514 ,Romeo,12345566,pradheep.sh@gmail.com 
1321,608 ,Ronald,12345566,pradheep.sh@gmail.com 
1322,619 ,Ronnie,12345566,pradheep.sh@gmail.com 
1323,534 ,Ronny,12345566,pradheep.sh@gmail.com 
1324,963 ,Roosevelt,12345566,pradheep.sh@gmail.com 
1325,428 ,Rory,12345566,pradheep.sh@gmail.com 
1326,735 ,Rosario,12345566,pradheep.sh@gmail.com 
1327,619 ,Roscoe,12345566,pradheep.sh@gmail.com 
1328,730 ,Rosendo,12345566,pradheep.sh@gmail.com 
1329,423 ,Ross,12345566,pradheep.sh@gmail.com 
1330,519 ,Royal,12345566,pradheep.sh@gmail.com 
1331,514 ,Royce,12345566,pradheep.sh@gmail.com 
1332,508 ,Ruben,12345566,pradheep.sh@gmail.com 
1333,512 ,Rubin,12345566,pradheep.sh@gmail.com 
1334,620 ,Rudolf,12345566,pradheep.sh@gmail.com 
1335,734 ,Rudolph,12345566,pradheep.sh@gmail.com 
1336,420 ,Rudy,12345566,pradheep.sh@gmail.com 
1337,609 ,Rueben,12345566,pradheep.sh@gmail.com 
1338,533 ,Rufus,12345566,pradheep.sh@gmail.com 
1339,642 ,Rupert,12345566,pradheep.sh@gmail.com 
1340,429 ,Russ,12345566,pradheep.sh@gmail.com 
1341,638 ,Russel,12345566,pradheep.sh@gmail.com 
1342,746 ,Russell,12345566,pradheep.sh@gmail.com 
1343,551 ,Rusty,12345566,pradheep.sh@gmail.com 
1344,410 ,Ryan,12345566,pradheep.sh@gmail.com 
1345,828 ,Salvador,12345566,pradheep.sh@gmail.com 
1346,945 ,Salvatore,12345566,pradheep.sh@gmail.com 
1347,604 ,Sammie,12345566,pradheep.sh@gmail.com 
1348,519 ,Sammy,12345566,pradheep.sh@gmail.com 
1349,611 ,Samual,12345566,pradheep.sh@gmail.com 
1350,615 ,Samuel,12345566,pradheep.sh@gmail.com 
1351,511 ,Sandy,12345566,pradheep.sh@gmail.com 
1352,717 ,Sanford,12345566,pradheep.sh@gmail.com 
1353,393 ,Sang,12345566,pradheep.sh@gmail.com 
1354,822 ,Santiago,12345566,pradheep.sh@gmail.com 
1355,517 ,Santo,12345566,pradheep.sh@gmail.com 
1356,632 ,Santos,12345566,pradheep.sh@gmail.com 
1357,405 ,Saul,12345566,pradheep.sh@gmail.com 
1358,409 ,Scot,12345566,pradheep.sh@gmail.com 
1359,525 ,Scott,12345566,pradheep.sh@gmail.com 
1360,731 ,Scottie,12345566,pradheep.sh@gmail.com 
1361,646 ,Scotty,12345566,pradheep.sh@gmail.com 
1362,391 ,Sean,12345566,pradheep.sh@gmail.com 
1363,922 ,Sebastian,12345566,pradheep.sh@gmail.com 
1364,617 ,Sergio,12345566,pradheep.sh@gmail.com 
1365,404 ,Seth,12345566,pradheep.sh@gmail.com 
1366,756 ,Seymour,12345566,pradheep.sh@gmail.com 
1367,384 ,Shad,12345566,pradheep.sh@gmail.com 
1368,495 ,Shane,12345566,pradheep.sh@gmail.com 
1369,725 ,Shannon,12345566,pradheep.sh@gmail.com 
1370,511 ,Shaun,12345566,pradheep.sh@gmail.com 
1371,513 ,Shawn,12345566,pradheep.sh@gmail.com 
1372,616 ,Shayne,12345566,pradheep.sh@gmail.com 
1373,615 ,Shelby,12345566,pradheep.sh@gmail.com 
1374,717 ,Sheldon,12345566,pradheep.sh@gmail.com 
1375,733 ,Shelton,12345566,pradheep.sh@gmail.com 
1376,718 ,Sherman,12345566,pradheep.sh@gmail.com 
1377,843 ,Sherwood,12345566,pradheep.sh@gmail.com 
1378,736 ,Shirley,12345566,pradheep.sh@gmail.com 
1379,408 ,Shon,12345566,pradheep.sh@gmail.com 
1380,620 ,Sidney,12345566,pradheep.sh@gmail.com 
1381,508 ,Silas,12345566,pradheep.sh@gmail.com 
1382,518 ,Simon,12345566,pradheep.sh@gmail.com 
1383,743 ,Solomon,12345566,pradheep.sh@gmail.com 
1384,535 ,Sonny,12345566,pradheep.sh@gmail.com 
1385,720 ,Spencer,12345566,pradheep.sh@gmail.com 
1386,617 ,Stacey,12345566,pradheep.sh@gmail.com 
1387,516 ,Stacy,12345566,pradheep.sh@gmail.com 
1388,406 ,Stan,12345566,pradheep.sh@gmail.com 
1389,833 ,Stanford,12345566,pradheep.sh@gmail.com 
1390,736 ,Stanley,12345566,pradheep.sh@gmail.com 
1391,743 ,Stanton,12345566,pradheep.sh@gmail.com 
1392,609 ,Stefan,12345566,pradheep.sh@gmail.com 
1393,723 ,Stephan,12345566,pradheep.sh@gmail.com 
1394,727 ,Stephen,12345566,pradheep.sh@gmail.com 
1395,840 ,Sterling,12345566,pradheep.sh@gmail.com 
1396,519 ,Steve,12345566,pradheep.sh@gmail.com 
1397,629 ,Steven,12345566,pradheep.sh@gmail.com 
1398,624 ,Stevie,12345566,pradheep.sh@gmail.com 
1399,746 ,Stewart,12345566,pradheep.sh@gmail.com 
1400,643 ,Stuart,12345566,pradheep.sh@gmail.com 
1401,413 ,Sung,12345566,pradheep.sh@gmail.com 
1402,636 ,Sydney,12345566,pradheep.sh@gmail.com 
1403,977 ,Sylvester,12345566,pradheep.sh@gmail.com 
1404,616 ,Tanner,12345566,pradheep.sh@gmail.com 
1405,635 ,Taylor,12345566,pradheep.sh@gmail.com 
1406,506 ,Teddy,12345566,pradheep.sh@gmail.com 
1407,732 ,Teodoro,12345566,pradheep.sh@gmail.com 
1408,710 ,Terence,12345566,pradheep.sh@gmail.com 
1409,820 ,Terrance,12345566,pradheep.sh@gmail.com 
1410,730 ,Terrell,12345566,pradheep.sh@gmail.com 
1411,824 ,Terrence,12345566,pradheep.sh@gmail.com 
1412,534 ,Terry,12345566,pradheep.sh@gmail.com 
1413,385 ,Thad,12345566,pradheep.sh@gmail.com 
1414,818 ,Thaddeus,12345566,pradheep.sh@gmail.com 
1415,499 ,Thanh,12345566,pradheep.sh@gmail.com 
1416,400 ,Theo,12345566,pradheep.sh@gmail.com 
1417,826 ,Theodore,12345566,pradheep.sh@gmail.com 
1418,624 ,Theron,12345566,pradheep.sh@gmail.com 
1419,620 ,Thomas,12345566,pradheep.sh@gmail.com 
1420,735 ,Thurman,12345566,pradheep.sh@gmail.com 
1421,528 ,Timmy,12345566,pradheep.sh@gmail.com 
1422,750 ,Timothy,12345566,pradheep.sh@gmail.com 
1423,537 ,Titus,12345566,pradheep.sh@gmail.com 
1424,610 ,Tobias,12345566,pradheep.sh@gmail.com 
1425,414 ,Toby,12345566,pradheep.sh@gmail.com 
1426,395 ,Todd,12345566,pradheep.sh@gmail.com 
1427,516 ,Tomas,12345566,pradheep.sh@gmail.com 
1428,619 ,Tommie,12345566,pradheep.sh@gmail.com 
1429,534 ,Tommy,12345566,pradheep.sh@gmail.com 
1430,527 ,Toney,12345566,pradheep.sh@gmail.com 
1431,426 ,Tony,12345566,pradheep.sh@gmail.com 
1432,430 ,Tory,12345566,pradheep.sh@gmail.com 
1433,616 ,Tracey,12345566,pradheep.sh@gmail.com 
1434,515 ,Tracy,12345566,pradheep.sh@gmail.com 
1435,633 ,Travis,12345566,pradheep.sh@gmail.com 
1436,525 ,Trent,12345566,pradheep.sh@gmail.com 
1437,746 ,Trenton,12345566,pradheep.sh@gmail.com 
1438,642 ,Trevor,12345566,pradheep.sh@gmail.com 
1439,420 ,Trey,12345566,pradheep.sh@gmail.com 
1440,815 ,Trinidad,12345566,pradheep.sh@gmail.com 
1441,741 ,Tristan,12345566,pradheep.sh@gmail.com 
1442,430 ,Troy,12345566,pradheep.sh@gmail.com 
1443,631 ,Truman,12345566,pradheep.sh@gmail.com 
1444,408 ,Tuan,12345566,pradheep.sh@gmail.com 
1445,528 ,Tyler,12345566,pradheep.sh@gmail.com 
1446,521 ,Tyree,12345566,pradheep.sh@gmail.com 
1447,636 ,Tyrell,12345566,pradheep.sh@gmail.com 
1448,540 ,Tyron,12345566,pradheep.sh@gmail.com 
1449,641 ,Tyrone,12345566,pradheep.sh@gmail.com 
1450,541 ,Tyson,12345566,pradheep.sh@gmail.com 
1451,760 ,Ulysses,12345566,pradheep.sh@gmail.com 
1452,833 ,Valentin,12345566,pradheep.sh@gmail.com 
1453,934 ,Valentine,12345566,pradheep.sh@gmail.com 
1454,493 ,Vance,12345566,pradheep.sh@gmail.com 
1455,617 ,Vaughn,12345566,pradheep.sh@gmail.com 
1456,411 ,Vern,12345566,pradheep.sh@gmail.com 
1457,632 ,Vernon,12345566,pradheep.sh@gmail.com 
1458,718 ,Vicente,12345566,pradheep.sh@gmail.com 
1459,631 ,Victor,12345566,pradheep.sh@gmail.com 
1460,501 ,Vince,12345566,pradheep.sh@gmail.com 
1461,727 ,Vincent,12345566,pradheep.sh@gmail.com 
1462,844 ,Vincenzo,12345566,pradheep.sh@gmail.com 
1463,621 ,Virgil,12345566,pradheep.sh@gmail.com 
1464,837 ,Virgilio,12345566,pradheep.sh@gmail.com 
1465,418 ,Vito,12345566,pradheep.sh@gmail.com 
1466,385 ,Wade,12345566,pradheep.sh@gmail.com 
1467,503 ,Waldo,12345566,pradheep.sh@gmail.com 
1468,614 ,Walker,12345566,pradheep.sh@gmail.com 
1469,697 ,Wallace,12345566,pradheep.sh@gmail.com 
1470,521 ,Wally,12345566,pradheep.sh@gmail.com 
1471,623 ,Walter,12345566,pradheep.sh@gmail.com 
1472,629 ,Walton,12345566,pradheep.sh@gmail.com 
1473,398 ,Ward,12345566,pradheep.sh@gmail.com 
1474,623 ,Warner,12345566,pradheep.sh@gmail.com 
1475,623 ,Warren,12345566,pradheep.sh@gmail.com 
1476,634 ,Waylon,12345566,pradheep.sh@gmail.com 
1477,516 ,Wayne,12345566,pradheep.sh@gmail.com 
1478,617 ,Weldon,12345566,pradheep.sh@gmail.com 
1479,715 ,Wendell,12345566,pradheep.sh@gmail.com 
1480,627 ,Werner,12345566,pradheep.sh@gmail.com 
1481,633 ,Wesley,12345566,pradheep.sh@gmail.com 
1482,640 ,Weston,12345566,pradheep.sh@gmail.com 
1483,744 ,Whitney,12345566,pradheep.sh@gmail.com 
1484,613 ,Wilber,12345566,pradheep.sh@gmail.com 
1485,729 ,Wilbert,12345566,pradheep.sh@gmail.com 
1486,629 ,Wilbur,12345566,pradheep.sh@gmail.com 
1487,739 ,Wilburn,12345566,pradheep.sh@gmail.com 
1488,522 ,Wiley,12345566,pradheep.sh@gmail.com 
1489,727 ,Wilford,12345566,pradheep.sh@gmail.com 
1490,717 ,Wilfred,12345566,pradheep.sh@gmail.com 
1491,828 ,Wilfredo,12345566,pradheep.sh@gmail.com 
1492,408 ,Will,12345566,pradheep.sh@gmail.com 
1493,719 ,Willard,12345566,pradheep.sh@gmail.com 
1494,719 ,William,12345566,pradheep.sh@gmail.com 
1495,834 ,Williams,12345566,pradheep.sh@gmail.com 
1496,720 ,Willian,12345566,pradheep.sh@gmail.com 
1497,614 ,Willie,12345566,pradheep.sh@gmail.com 
1498,628 ,Willis,12345566,pradheep.sh@gmail.com 
1499,529 ,Willy,12345566,pradheep.sh@gmail.com 
1500,624 ,Wilmer,12345566,pradheep.sh@gmail.com 
1501,636 ,Wilson,12345566,pradheep.sh@gmail.com 
1502,637 ,Wilton,12345566,pradheep.sh@gmail.com 
1503,729 ,Winford,12345566,pradheep.sh@gmail.com 
1504,719 ,Winfred,12345566,pradheep.sh@gmail.com 
1505,754 ,Winston,12345566,pradheep.sh@gmail.com 
1506,753 ,Woodrow,12345566,pradheep.sh@gmail.com 
1507,537 ,Wyatt,12345566,pradheep.sh@gmail.com 
1508,623 ,Xavier,12345566,pradheep.sh@gmail.com 
1509,413 ,Yong,12345566,pradheep.sh@gmail.com 
1510,530 ,Young,12345566,pradheep.sh@gmail.com 
1511,907 ,Zachariah,12345566,pradheep.sh@gmail.com 
1512,722 ,Zachary,12345566,pradheep.sh@gmail.com 
1513,726 ,Zachery,12345566,pradheep.sh@gmail.com 
1514,393 ,Zack,12345566,pradheep.sh@gmail.com 
1515,725 ,Zackary,12345566,pradheep.sh@gmail.com 
1516,398 ,Zane,12345566,pradheep.sh@gmail.com 
